<?xml version="1.0" encoding="UTF-8"?><unload unload_date="2019-01-02 18:17:34">
<sys_remote_update_set action="INSERT_OR_UPDATE">
<application display_value="Global">global</application>
<application_name>Global</application_name>
<application_scope>global</application_scope>
<application_version/>
<collisions/>
<commit_date/>
<deleted/>
<description/>
<inserted/>
<name>Create dynamic filter for report</name>
<origin_sys_id/>
<parent display_value=""/>
<release_date/>
<remote_base_update_set display_value=""/>
<remote_parent_id/>
<remote_sys_id>f009b8c5dbb623002288dc50cf961969</remote_sys_id>
<state>loaded</state>
<summary/>
<sys_class_name>sys_remote_update_set</sys_class_name>
<sys_created_by>admin</sys_created_by>
<sys_created_on>2019-01-02 18:17:34</sys_created_on>
<sys_id>305a7849dbb623002288dc50cf96196c</sys_id>
<sys_mod_count>0</sys_mod_count>
<sys_updated_by>admin</sys_updated_by>
<sys_updated_on>2019-01-02 18:17:34</sys_updated_on>
<update_set display_value=""/>
<update_source display_value=""/>
<updated/>
</sys_remote_update_set>
<sys_update_xml action="INSERT_OR_UPDATE">
<action>INSERT_OR_UPDATE</action>
<application display_value="Global">global</application>
<category>customer</category>
<comments/>
<name>sys_report_users_groups_663a7849dbb623002288dc50cf96198b</name>
<payload><![CDATA[<?xml version="1.0" encoding="UTF-8"?><record_update table="sys_report_users_groups"><sys_report_users_groups action="INSERT_OR_UPDATE"><group_id/><report_id display_value="">ee3a7849dbb623002288dc50cf96198a</report_id><sys_class_name>sys_report_users_groups</sys_class_name><sys_created_by>admin</sys_created_by><sys_created_on>2019-01-02 18:17:08</sys_created_on><sys_id>663a7849dbb623002288dc50cf96198b</sys_id><sys_mod_count>0</sys_mod_count><sys_name>ee3a7849dbb623002288dc50cf96198a</sys_name><sys_package display_value="Global" source="global">global</sys_package><sys_policy/><sys_scope display_value="Global">global</sys_scope><sys_update_name>sys_report_users_groups_663a7849dbb623002288dc50cf96198b</sys_update_name><sys_updated_by>admin</sys_updated_by><sys_updated_on>2019-01-02 18:17:08</sys_updated_on><user_id display_value="System Administrator">6816f79cc0a8016401c5a33be04be441</user_id></sys_report_users_groups></record_update>]]></payload>
<payload_hash>-919074381</payload_hash>
<remote_update_set display_value="Create dynamic filter for report">305a7849dbb623002288dc50cf96196c</remote_update_set>
<replace_on_upgrade>false</replace_on_upgrade>
<sys_created_by>admin</sys_created_by>
<sys_created_on>2019-01-02 18:17:34</sys_created_on>
<sys_id>015a7849dbb623002288dc50cf96196d</sys_id>
<sys_mod_count>0</sys_mod_count>
<sys_recorded_at>1680fc88d970000001</sys_recorded_at>
<sys_updated_by>admin</sys_updated_by>
<sys_updated_on>2019-01-02 18:17:34</sys_updated_on>
<table/>
<target_name>ee3a7849dbb623002288dc50cf96198a</target_name>
<type>Report Users and Groups</type>
<update_domain>global</update_domain>
<update_guid>2a3a7849c1b62300e708a1934e60108d</update_guid>
<update_guid_history>2a3a7849c1b62300e708a1934e60108d:-919074381</update_guid_history>
<update_set display_value=""/>
<view/>
</sys_update_xml>
<sys_update_xml action="INSERT_OR_UPDATE">
<action>INSERT_OR_UPDATE</action>
<application display_value="Global">global</application>
<category>customer</category>
<comments/>
<name>sys_report_ee3a7849dbb623002288dc50cf96198a</name>
<payload><![CDATA[<?xml version="1.0" encoding="UTF-8"?><record_update table="sys_report"><sys_report action="INSERT_OR_UPDATE"><additional_groupby/><aggregate>COUNT</aggregate><allow_data_label_overlap>false</allow_data_label_overlap><axis_max_color display_value="UI14 Blue Light">b0d449b3d7332100fa6c0c12ce610383</axis_max_color><axis_min_color display_value="White">65b303c7a9fe3dba00629aff95ee3597</axis_min_color><bar_unstack>true</bar_unstack><chart_background_color/><chart_border_color/><chart_border_radius>0</chart_border_radius><chart_border_width>1</chart_border_width><chart_height>450</chart_height><chart_size>large</chart_size><chart_title/><chart_title_color display_value="Black">65b30218a9fe3dba0120df8611520d97</chart_title_color><chart_title_size>16</chart_title_size><chart_title_x_position>0</chart_title_x_position><chart_title_y_position>0</chart_title_y_position><chart_width>600</chart_width><color display_value="Default Color">de699435d7033100b4964ebfae610331</color><color_palette display_value="Default UI14">aa558ab3d7732100fa6c0c12ce610377</color_palette><colors/><column/><compute_percent>aggregate</compute_percent><content/><created_by_user display_value="System Administrator">6816f79cc0a8016401c5a33be04be441</created_by_user><custom_chart_size>false</custom_chart_size><custom_chart_title_position>false</custom_chart_title_position><custom_config>{"transforms":[{"transform":{"transform":"Reference","name":"chart-subjects"}}]}</custom_config><decimal_precision>2</decimal_precision><description/><direction>minimize</direction><display_column_lines>false</display_column_lines><display_grid>false</display_grid><display_row_lines>false</display_row_lines><donut_width_percent>50</donut_width_percent><end_time/><exp_report_attrs>true</exp_report_attrs><field>reassignment_count</field><field_list>number,opened_at,short_description,caller_id,priority,state,category,assignment_group,assigned_to,sys_updated_on,sys_updated_by</field_list><filter table="incident">opened_byDYNAMICe0393009dbb623002288dc50cf961902<item endquery="false" field="opened_by" goto="false" newquery="false" operator="DYNAMIC" or="false" value="e0393009dbb623002288dc50cf961902"/></filter><from/><funnel_neck_percent>30</funnel_neck_percent><gauge_autoscale>true</gauge_autoscale><group/><import_table/><interval>year</interval><is_published>false</is_published><is_scheduled>false</is_scheduled><legend_background_color/><legend_border_color/><legend_border_radius>0</legend_border_radius><legend_border_width>1</legend_border_width><legend_horizontal_alignment>center</legend_horizontal_alignment><legend_items_left_align>false</legend_items_left_align><legend_vertical_alignment>bottom</legend_vertical_alignment><list_ui_view/><location_field/><lower_limit/><map display_value="World">93b8a3a2d7101200bd4a4ebfae61033a</map><map_source/><orderby_list/><other_threshold>-1</other_threshold><others>true</others><page_hdrftr/><pivot_expanded>true</pivot_expanded><report_drilldown/><report_source/><roles/><row/><sc_groupby_item_id/><sc_groupby_variable_id/><sc_stackby_item_id/><sc_stackby_variable_id/><score_color display_value="Black">65b30218a9fe3dba0120df8611520d97</score_color><series_name_text/><set_color>color_palette</set_color><show_chart_border>false</show_chart_border><show_chart_data_label>false</show_chart_data_label><show_chart_title>report</show_chart_title><show_chart_total>false</show_chart_total><show_data_label_position_middle>false</show_data_label_position_middle><show_empty>false</show_empty><show_geographical_label>false</show_geographical_label><show_legend>true</show_legend><show_legend_border>false</show_legend_border><show_marker>false</show_marker><show_zero>false</show_zero><source_type>table</source_type><start_time/><sumfield/><sys_class_name>sys_report</sys_class_name><sys_created_by>admin</sys_created_by><sys_created_on>2019-01-02 18:17:08</sys_created_on><sys_id>ee3a7849dbb623002288dc50cf96198a</sys_id><sys_mod_count>0</sys_mod_count><sys_name>incident reassignment count ServiceDesk</sys_name><sys_package display_value="Global" source="global">global</sys_package><sys_policy/><sys_scope display_value="Global">global</sys_scope><sys_update_name>sys_report_ee3a7849dbb623002288dc50cf96198a</sys_update_name><sys_updated_by>admin</sys_updated_by><sys_updated_on>2019-01-02 18:17:08</sys_updated_on><table>incident</table><title>incident reassignment count ServiceDesk</title><title_horizontal_alignment>center</title_horizontal_alignment><title_vertical_alignment>top</title_vertical_alignment><to/><trend_field>opened_by</trend_field><type>bar</type><upper_limit/><use_color_heatmap>false</use_color_heatmap><use_null_in_trend>false</use_null_in_trend><user>6816f79cc0a8016401c5a33be04be441</user><x_axis_display_grid>false</x_axis_display_grid><x_axis_grid_color display_value="LightGrey">65b30308a9fe3dba01ebaa03e87e7cd3</x_axis_grid_color><x_axis_grid_dotted>false</x_axis_grid_dotted><x_axis_grid_width>1</x_axis_grid_width><x_axis_label_bold>false</x_axis_label_bold><x_axis_label_color/><x_axis_label_size>11</x_axis_label_size><x_axis_opposite>false</x_axis_opposite><x_axis_title/><x_axis_title_bold>true</x_axis_title_bold><x_axis_title_color display_value="Black">65b30218a9fe3dba0120df8611520d97</x_axis_title_color><x_axis_title_size>12</x_axis_title_size><y_axis_display_grid>true</y_axis_display_grid><y_axis_from/><y_axis_grid_color display_value="LightGrey">65b30308a9fe3dba01ebaa03e87e7cd3</y_axis_grid_color><y_axis_grid_dotted>false</y_axis_grid_dotted><y_axis_grid_width>1</y_axis_grid_width><y_axis_label_bold>false</y_axis_label_bold><y_axis_label_color/><y_axis_label_size>11</y_axis_label_size><y_axis_opposite>false</y_axis_opposite><y_axis_title/><y_axis_title_bold>true</y_axis_title_bold><y_axis_title_color display_value="Black">65b30218a9fe3dba0120df8611520d97</y_axis_title_color><y_axis_title_size>12</y_axis_title_size><y_axis_to/></sys_report></record_update>]]></payload>
<payload_hash>-1224284360</payload_hash>
<remote_update_set display_value="Create dynamic filter for report">305a7849dbb623002288dc50cf96196c</remote_update_set>
<replace_on_upgrade>false</replace_on_upgrade>
<sys_created_by>admin</sys_created_by>
<sys_created_on>2019-01-02 18:17:34</sys_created_on>
<sys_id>4d5a7849dbb623002288dc50cf96196c</sys_id>
<sys_mod_count>0</sys_mod_count>
<sys_recorded_at>1680fc88de40000001</sys_recorded_at>
<sys_updated_by>admin</sys_updated_by>
<sys_updated_on>2019-01-02 18:17:34</sys_updated_on>
<table>incident</table>
<target_name>incident reassignment count ServiceDesk</target_name>
<type>Report</type>
<update_domain>global</update_domain>
<update_guid>263a708946b62300ac6311d8e6345624</update_guid>
<update_guid_history>263a708946b62300ac6311d8e6345624:-1224284360</update_guid_history>
<update_set display_value=""/>
<view/>
</sys_update_xml>
<sys_update_xml action="INSERT_OR_UPDATE">
<action>INSERT_OR_UPDATE</action>
<application display_value="Global">global</application>
<category>customer</category>
<comments/>
<name>sys_filter_option_dynamic_e0393009dbb623002288dc50cf961902</name>
<payload><![CDATA[<?xml version="1.0" encoding="UTF-8"?><record_update table="sys_filter_option_dynamic"><sys_filter_option_dynamic action="INSERT_OR_UPDATE"><active>true</active><available_for_default>false</available_for_default><available_for_filter>true</available_for_filter><available_for_ref_qual>false</available_for_ref_qual><field_type display_value="Reference">52a227c1bf3320001875647fcf07396a</field_type><label>getServiceDesk Personal</label><order/><roles/><script>new acmeClientScriptUtil().getGroupMembers('d625dccec0a8016700a222a0f7900d06');</script><script_reference_id/><script_reference_table/><sys_class_name>sys_filter_option_dynamic</sys_class_name><sys_created_by>admin</sys_created_by><sys_created_on>2019-01-02 18:13:17</sys_created_on><sys_id>e0393009dbb623002288dc50cf961902</sys_id><sys_mod_count>0</sys_mod_count><sys_name>getServiceDesk Personal</sys_name><sys_package display_value="Global" source="global">global</sys_package><sys_policy/><sys_scope display_value="Global">global</sys_scope><sys_update_name>sys_filter_option_dynamic_e0393009dbb623002288dc50cf961902</sys_update_name><sys_updated_by>admin</sys_updated_by><sys_updated_on>2019-01-02 18:13:17</sys_updated_on><table>sys_user</table><table_containing_filter/></sys_filter_option_dynamic></record_update>]]></payload>
<payload_hash>-800714838</payload_hash>
<remote_update_set display_value="Create dynamic filter for report">305a7849dbb623002288dc50cf96196c</remote_update_set>
<replace_on_upgrade>false</replace_on_upgrade>
<sys_created_by>admin</sys_created_by>
<sys_created_on>2019-01-02 18:17:34</sys_created_on>
<sys_id>745a7849dbb623002288dc50cf96196c</sys_id>
<sys_mod_count>0</sys_mod_count>
<sys_recorded_at>1680fc5084b0000001</sys_recorded_at>
<sys_updated_by>admin</sys_updated_by>
<sys_updated_on>2019-01-02 18:17:34</sys_updated_on>
<table>sys_user</table>
<target_name>getServiceDesk Personal</target_name>
<type>Dynamic Filter Options</type>
<update_domain>global</update_domain>
<update_guid>82597009d3b623002deb3145394590e6</update_guid>
<update_guid_history>82597009d3b623002deb3145394590e6:-800714838</update_guid_history>
<update_set display_value=""/>
<view/>
</sys_update_xml>
<sys_update_xml action="INSERT_OR_UPDATE">
<action>INSERT_OR_UPDATE</action>
<application display_value="Global">global</application>
<category>customer</category>
<comments/>
<name>sys_script_include_5e345365db1ea3402288dc50cf9619b2</name>
<payload>&lt;?xml version="1.0" encoding="UTF-8"?&gt;&lt;record_update table="sys_script_include"&gt;&lt;sys_script_include action="INSERT_OR_UPDATE"&gt;&lt;access&gt;public&lt;/access&gt;&lt;active&gt;true&lt;/active&gt;&lt;api_name&gt;global.acmeClientScriptUtil&lt;/api_name&gt;&lt;caller_access/&gt;&lt;client_callable&gt;true&lt;/client_callable&gt;&lt;description&gt;.&lt;/description&gt;&lt;name&gt;acmeClientScriptUtil&lt;/name&gt;&lt;script&gt;&lt;![CDATA[/*This is a Script include to with the Client Callable field checked */

var acmeClientScriptUtil = Class.create();
acmeClientScriptUtil.prototype = Object.extendsObject(AbstractAjaxProcessor, {
/**
 * Gets the sys_id of the members of a specific group.
 *
 * @param {string} sys_id - sys_id of the group we want to have the members of .
 * @return {Array} an array of sys_ids of all the members of the group
 */	
getGroupMembers: function(groupSysID) {
	
	var members = [];

	var getMembers = new GlideRecord('sys_user_grmember');
	getMembers.addQuery('group', groupSysID);
	getMembers.query();

	while (getMembers.next()){
		members.push(getMembers.getValue('user'));
	}
	return members;
	
},


/**
 * Gets the sys_id from the GlideAjax call and gets the support group.
 *
 * @param {string} sys_id - sys_id of the record that is sent through the GlideAjax call.
 * @return {JSON} a object containing both the value and displayValue of the support group. 
 */	
	getSupportGrp: function() {
	
		var ci = this.getParameter('syspam_ci_sysid');
		var returnGrp = {};
		var getCI = new GlideRecord('cmdb_ci');
		getCI.get(ci);
		
		if(getCI.support_group){
			returnGrp.value = getCI.getValue('support_group');
			returnGrp.displayValue = getCI.getDisplayValue('support_group');
			
			return JSON.stringify(returnGrp);
		}
		else
			return;
		
		
	},
/**
 * Checks if the incident has any active incident tasks.
 *
 * @param {string} sys_id - sys_id of the record that is sent through the GlideAjax call.
 * @return {Boolean} returns true if there is any open incident tasks 
 */		
	
	checkTask: function() {
		var incRec = this.getParameter('sysparm_inc_sysid');
		var checkTask = new GlideRecord('incident_task');
		checkTask.addActiveQuery();//Only want active incident tasks
		checkTask.addQuery('parent', incRec);//Only want tasks connected to current incident
		checkTask.setLimit(1);//Only need to find 1 to abort
		checkTask.query();
		if (checkTask.hasNext()){
			return true;
		}
		else
			return false;
	},

	type: 'acmeClientScriptUtil'
});]]&gt;&lt;/script&gt;&lt;sys_class_name&gt;sys_script_include&lt;/sys_class_name&gt;&lt;sys_created_by&gt;admin&lt;/sys_created_by&gt;&lt;sys_created_on&gt;2018-12-10 22:16:03&lt;/sys_created_on&gt;&lt;sys_id&gt;5e345365db1ea3402288dc50cf9619b2&lt;/sys_id&gt;&lt;sys_mod_count&gt;3&lt;/sys_mod_count&gt;&lt;sys_name&gt;acmeClientScriptUtil&lt;/sys_name&gt;&lt;sys_package display_value="Global" source="global"&gt;global&lt;/sys_package&gt;&lt;sys_policy/&gt;&lt;sys_scope display_value="Global"&gt;global&lt;/sys_scope&gt;&lt;sys_update_name&gt;sys_script_include_5e345365db1ea3402288dc50cf9619b2&lt;/sys_update_name&gt;&lt;sys_updated_by&gt;admin&lt;/sys_updated_by&gt;&lt;sys_updated_on&gt;2019-01-02 18:12:05&lt;/sys_updated_on&gt;&lt;/sys_script_include&gt;&lt;/record_update&gt;</payload>
<payload_hash>1078950217</payload_hash>
<remote_update_set display_value="Create dynamic filter for report">305a7849dbb623002288dc50cf96196c</remote_update_set>
<replace_on_upgrade>false</replace_on_upgrade>
<sys_created_by>admin</sys_created_by>
<sys_created_on>2019-01-02 18:17:34</sys_created_on>
<sys_id>c15a7849dbb623002288dc50cf96196d</sys_id>
<sys_mod_count>0</sys_mod_count>
<sys_recorded_at>1680fc3ed860000001</sys_recorded_at>
<sys_updated_by>admin</sys_updated_by>
<sys_updated_on>2019-01-02 18:17:34</sys_updated_on>
<table/>
<target_name>acmeClientScriptUtil</target_name>
<type>Script Include</type>
<update_domain>global</update_domain>
<update_guid>a819f8c5eeb623007dac9a107cd21132</update_guid>
<update_guid_history>a819f8c5eeb623007dac9a107cd21132:1078950217,e819f8c583b62300ccb4987ed29ec631:1078950217,eb9778858ab623002d8985ee17edb021:-1539890605,7a741765a71ea34011cfd01d07b534d9:707573395,ca5453a1751ea340a7bb5f6c6c1d64dd:-1776478645</update_guid_history>
<update_set display_value=""/>
<view/>
</sys_update_xml>
</unload>
