<?xml version="1.0" encoding="UTF-8"?>
<unload unload_date="2018-12-09 18:57:10">
<sp_widget action="INSERT_OR_UPDATE">
<category>standard</category>
<client_script><![CDATA[function($window) {  
  var c = this;		
	c.language = {value: 'en', displayValue: 'English'};		
	c.changed = function(a) {							
		c.server.get(c.language).then(function() {			
			$window.location.reload();			
		})		
	}	
}]]></client_script>
<controller_as>c</controller_as>
<css/>
<data_table>sp_instance</data_table>
<demo_data/>
<description/>
<docs display_value=""/>
<field_list/>
<has_preview>false</has_preview>
<id/>
<internal>false</internal>
<link/>
<name>WD - Language Switch</name>
<option_schema/>
<public>true</public>
<roles/>
<script><![CDATA[(function() {			
	var gr = GlideRecord("sys_language");	

	if (gr.isValid()) {
		gr.addQuery("active", "=", "true");
		gr.query()
		data.count = gr.getRowCount();
	}

	var user = gs.getUser();
	data.current = user.getPreference("user.language");	

	if (input) {
		user.setPreference("user.language", input.value);
		user.savePreferences();	 
	}
})();]]></script>
<servicenow>false</servicenow>
<sys_class_name>sp_widget</sys_class_name>
<sys_created_by>admin</sys_created_by>
<sys_created_on>2018-12-09 18:19:44</sys_created_on>
<sys_id>22a4d591db9a63402288dc50cf96190e</sys_id>
<sys_mod_count>2</sys_mod_count>
<sys_name>WD - Language Switch</sys_name>
<sys_package display_value="Global" source="global">global</sys_package>
<sys_policy/>
<sys_scope display_value="Global">global</sys_scope>
<sys_update_name>sp_widget_22a4d591db9a63402288dc50cf96190e</sys_update_name>
<sys_updated_by>admin</sys_updated_by>
<sys_updated_on>2018-12-09 18:37:29</sys_updated_on>
<template><![CDATA[<div class="panel panel-{{::c.options.color}} b" ng-if="c.data.count > 0">
  <div class="panel-heading">
    <h4 class="panel-title">${Language}</h4>
  </div>  
  <div class="panel-body">
  	<sn-record-picker table="'sys_language'" display-field="'name'" value-field="'id'" field="c.language" default-query="'active=true'"></sn-record-picker> 
  </div>      
  <div class="panel-footer clearfix">
    <div class="pull-left">
      ${Current Language}: {{data.current}}
    </div>
		<button class="btn btn-default pull-right" ng-click="c.changed()">${Apply}</button>  
  </div>
</div>
]]></template>
</sp_widget>
</unload>
